image_id,path,sheet_id,long_edge,status,width,height
1,D:\lumina-studio\public\images\portfolio\lumina-harvest-v1\000001_opening_detail_IMG_0629.webp,sheet_0001,2048,candidate,2048,1365
2,D:\lumina-studio\public\images\portfolio\lumina-harvest-v1\000002_detail_IMG_0637.webp,sheet_0001,2048,candidate,2048,1367
3,D:\lumina-studio\public\images\portfolio\lumina-harvest-v1\000013_ceremony_IMG_1676.webp,sheet_0001,2048,candidate,2048,1365
4,D:\lumina-studio\public\images\portfolio\lumina-harvest-v1\000018_hero_IMG_2036.webp,sheet_0001,2048,candidate,1365,2048
5,D:\lumina-studio\public\images\portfolio\lumina-harvest-v1\000035_family_emotion_PTO_9008.webp,sheet_0001,2048,candidate,2048,1367
6,D:\lumina-studio\public\images\portfolio\wedding-party-trial\final_40\104.jpg,sheet_0001,2048,candidate,2048,1367
7,D:\lumina-studio\public\images\portfolio\lan\109696263_3258839444139508_4121426771048037015_n.jpg,sheet_0001,2048,candidate,2048,1151
8,D:\lumina-studio\public\images\portfolio\wedding-party-trial\final_40\138.jpg,sheet_0001,2048,candidate,2048,1367
9,D:\lumina-studio\public\images\portfolio\wedding-party-trial\web_20\138.jpg,sheet_0001,2048,candidate,2048,1367
10,D:\lumina-studio\public\images\portfolio\wedding-party-trial\final_40\14.jpg,sheet_0001,2048,candidate,1367,2048
11,D:\lumina-studio\public\images\portfolio\wedding-party-trial\web_20\14.jpg,sheet_0001,2048,candidate,1367,2048
12,D:\lumina-studio\public\images\portfolio\wedding-party-trial\final_40\142.jpg,sheet_0001,2048,candidate,2048,1367
13,D:\lumina-studio\public\images\portfolio\wedding-party-trial\web_20\142.jpg,sheet_0001,2048,candidate,2048,1367
14,D:\lumina-studio\public\images\portfolio\wedding-party-trial\final_40\144.jpg,sheet_0001,2048,candidate,2048,1367
15,D:\lumina-studio\public\images\portfolio\wedding-party-trial\web_20\144.jpg,sheet_0001,2048,candidate,2048,1367
16,D:\lumina-studio\public\images\portfolio\my\1693906223242.jpg,sheet_0001,1536,candidate,1025,1536
17,D:\lumina-studio\public\images\portfolio\my\1693906224563.jpg,sheet_0001,1536,candidate,1025,1536
18,D:\lumina-studio\public\images\portfolio\my\1693906225829.jpg,sheet_0001,1536,candidate,1025,1536
19,D:\lumina-studio\public\images\portfolio\my\1693906227027.jpg,sheet_0001,1536,candidate,1025,1536
20,D:\lumina-studio\public\images\portfolio\my\1693906228045.jpg,sheet_0001,1536,candidate,1025,1536
21,D:\lumina-studio\public\images\portfolio\my\1693906229159.jpg,sheet_0001,1536,candidate,1025,1536
22,D:\lumina-studio\public\images\portfolio\my\1693906230477.jpg,sheet_0001,1536,candidate,1025,1536
23,D:\lumina-studio\public\images\portfolio\my\1693906232477.jpg,sheet_0001,1536,candidate,1025,1536
24,D:\lumina-studio\public\images\portfolio\my\1693906233509.jpg,sheet_0001,1536,candidate,1025,1536
25,D:\lumina-studio\public\images\portfolio\my\1693906234815.jpg,sheet_0001,1536,candidate,1536,1025
26,D:\lumina-studio\public\images\portfolio\my\1693906236115.jpg,sheet_0001,1536,candidate,1536,1025
27,D:\lumina-studio\public\images\portfolio\my\1693906237112.jpg,sheet_0001,1536,candidate,1536,1025
28,D:\lumina-studio\public\images\portfolio\BU2018_1769697939720340\1769566156400185.jpg,sheet_0001,2048,candidate,2048,1365
29,D:\lumina-studio\public\images\portfolio\BU2018_1769697939720340\1769699073053560.jpg,sheet_0001,2048,candidate,2048,1152
30,D:\lumina-studio\public\images\portfolio\BU2018_1769697939720340\1769699076386893.jpg,sheet_0001,2048,candidate,2048,1152
31,D:\lumina-studio\public\images\portfolio\BU2018_1769697939720340\1769699086386892.jpg,sheet_0001,2048,candidate,2048,1365
32,D:\lumina-studio\public\images\portfolio\BU2018_1769697939720340\1769699203053547.jpg,sheet_0001,2048,candidate,2048,1152
33,D:\lumina-studio\public\images\portfolio\BU2018_1769697939720340\1769699219720212.jpg,sheet_0001,2048,candidate,1365,2048
34,D:\lumina-studio\public\images\portfolio\BU2018_1769697939720340\1769699249720209.jpg,sheet_0001,2048,candidate,2048,1365
35,D:\lumina-studio\public\images\portfolio\BU2018_1769697939720340\1769699376386863.jpg,sheet_0001,2048,candidate,2048,1365
36,D:\lumina-studio\public\images\portfolio\BU2018_1769697939720340\1769699423053525.jpg,sheet_0001,2048,candidate,2048,1365
37,D:\lumina-studio\public\images\portfolio\BU2018_1769697939720340\1769699526386848.jpg,sheet_0001,2048,candidate,2048,1365
38,D:\lumina-studio\public\images\portfolio\BU2018_1769697939720340\1769699586386842.jpg,sheet_0001,2048,candidate,2048,1365
39,D:\lumina-studio\public\images\portfolio\BU2018_1769697939720340\1769699609720173.jpg,sheet_0001,2048,candidate,1365,2048
40,D:\lumina-studio\public\images\portfolio\BU2018_1769697939720340\1769699699720164.jpg,sheet_0001,2048,candidate,2048,1365
41,D:\lumina-studio\public\images\portfolio\BU2018_1769697939720340\1769699723053495.jpg,sheet_0002,2048,candidate,2048,1365
42,D:\lumina-studio\public\images\portfolio\BU2018_1769697939720340\1769699753053492.jpg,sheet_0002,2048,candidate,2048,1365
43,D:\lumina-studio\public\images\portfolio\BU2018_1769697939720340\1769709516385849.jpg,sheet_0002,2048,candidate,2048,1152
44,D:\lumina-studio\public\images\portfolio\BU2018_1769697939720340\1769741643049303.jpg,sheet_0002,2048,candidate,2048,1365
45,D:\lumina-studio\public\images\portfolio\BU2018_1769697939720340\1769741646382636.jpg,sheet_0002,2048,candidate,2048,1365
46,D:\lumina-studio\public\images\portfolio\wedding-party-trial\final_40\196.jpg,sheet_0002,2048,candidate,1367,2048
47,D:\lumina-studio\public\images\portfolio\wedding-party-trial\web_20\196.jpg,sheet_0002,2048,candidate,1367,2048
48,D:\lumina-studio\public\images\portfolio\wedding-party-trial\final_40\200.jpg,sheet_0002,2048,candidate,2048,1367
49,D:\lumina-studio\public\images\portfolio\wedding-party-trial\final_40\209.jpg,sheet_0002,2048,candidate,2048,1367
50,D:\lumina-studio\public\images\portfolio\wedding-party-trial\hero_5\209.jpg,sheet_0002,2048,candidate,2048,1367
51,D:\lumina-studio\public\images\portfolio\wedding-party-trial\homepage_8\209.jpg,sheet_0002,2048,candidate,2048,1367
52,D:\lumina-studio\public\images\portfolio\wedding-party-trial\web_20\209.jpg,sheet_0002,2048,candidate,2048,1367
53,D:\lumina-studio\public\images\portfolio\HMUBIN_2101926326497498\2101926009830863.jpg,sheet_0002,2048,candidate,1365,2048
54,D:\lumina-studio\public\images\portfolio\HMUBIN_2101926326497498\2102713666418764.jpg,sheet_0002,2048,candidate,1365,2048
55,D:\lumina-studio\public\images\portfolio\HMUBIN_2101926326497498\2102713676418763.jpg,sheet_0002,2048,candidate,1365,2048
56,D:\lumina-studio\public\images\portfolio\HMUBIN_2101926326497498\2102713696418761.jpg,sheet_0002,2048,candidate,1365,2048
57,D:\lumina-studio\public\images\portfolio\wedding-party-trial\final_40\218.jpg,sheet_0002,2048,candidate,2048,1367
58,D:\lumina-studio\public\images\portfolio\wedding-party-trial\hero_5\218.jpg,sheet_0002,2048,candidate,2048,1367
59,D:\lumina-studio\public\images\portfolio\wedding-party-trial\homepage_8\218.jpg,sheet_0002,2048,candidate,2048,1367
60,D:\lumina-studio\public\images\portfolio\wedding-party-trial\web_20\218.jpg,sheet_0002,2048,candidate,2048,1367
61,D:\lumina-studio\public\images\portfolio\ICE_2266066713416791\2257635520926577.jpg,sheet_0002,2048,candidate,1427,2048
62,D:\lumina-studio\public\images\portfolio\ICE_2266066713416791\2266061456750650.jpg,sheet_0002,2048,candidate,2048,1151
63,D:\lumina-studio\public\images\portfolio\AomPud_2388340957856032\2388341057856022.jpg,sheet_0002,2048,candidate,2048,1152
64,D:\lumina-studio\public\images\portfolio\AomPud_2388340957856032\2388341141189347.jpg,sheet_0002,2048,candidate,2048,1365
65,D:\lumina-studio\public\images\portfolio\AomPud_2388340957856032\2388341274522667.jpg,sheet_0002,2048,candidate,1366,2048
66,D:\lumina-studio\public\images\portfolio\AomPud_2388340957856032\2388341324522662.jpg,sheet_0002,2048,candidate,2048,1365
67,D:\lumina-studio\public\images\portfolio\AomPud_2388340957856032\2388351007855027.jpg,sheet_0002,2048,candidate,2048,1152
68,D:\lumina-studio\public\images\portfolio\wedding-party-trial\final_40\243.jpg,sheet_0002,2048,candidate,2048,1367
69,D:\lumina-studio\public\images\portfolio\wedding-party-trial\final_40\259.jpg,sheet_0002,2048,candidate,2048,1367
70,D:\lumina-studio\public\images\portfolio\wedding-party-trial\final_40\262.jpg,sheet_0002,2048,candidate,1367,2048
71,D:\lumina-studio\public\images\portfolio\wedding-party-trial\final_40\299.jpg,sheet_0002,2048,candidate,2048,1367
72,D:\lumina-studio\public\images\portfolio\wedding-party-trial\homepage_8\299.jpg,sheet_0002,2048,candidate,2048,1367
73,D:\lumina-studio\public\images\portfolio\wedding-party-trial\web_20\299.jpg,sheet_0002,2048,candidate,2048,1367
74,D:\lumina-studio\public\images\portfolio\wedding-party-trial\final_40\316.jpg,sheet_0002,2048,candidate,1367,2048
75,D:\lumina-studio\public\images\portfolio\wedding-party-trial\final_40\318.jpg,sheet_0002,2048,candidate,1367,2048
76,D:\lumina-studio\public\images\portfolio\lan\31949530_1811813762175424_1565592686939865088_n.jpg,sheet_0002,2048,candidate,2048,1152
77,D:\lumina-studio\public\images\portfolio\wedding-party-trial\final_40\320.jpg,sheet_0002,2048,candidate,1367,2048
78,D:\lumina-studio\public\images\portfolio\wedding-party-trial\web_20\320.jpg,sheet_0002,2048,candidate,1367,2048
79,D:\lumina-studio\public\images\portfolio\wedding-party-trial\final_40\33.jpg,sheet_0002,2048,candidate,2048,1367
80,D:\lumina-studio\public\images\portfolio\wedding-party-trial\homepage_8\33.jpg,sheet_0002,2048,candidate,2048,1367
81,D:\lumina-studio\public\images\portfolio\wedding-party-trial\web_20\33.jpg,sheet_0003,2048,candidate,2048,1367
82,D:\lumina-studio\public\images\portfolio\lan\33717415_1833716053318528_5848531763818659840_n.jpg,sheet_0003,2048,candidate,2048,1313
83,D:\lumina-studio\public\images\portfolio\wedding-party-trial\final_40\340.jpg,sheet_0003,2048,candidate,2048,1367
84,D:\lumina-studio\public\images\portfolio\wedding-party-trial\hero_5\340.jpg,sheet_0003,2048,candidate,2048,1367
85,D:\lumina-studio\public\images\portfolio\wedding-party-trial\homepage_8\340.jpg,sheet_0003,2048,candidate,2048,1367
86,D:\lumina-studio\public\images\portfolio\wedding-party-trial\web_20\340.jpg,sheet_0003,2048,candidate,2048,1367
87,D:\lumina-studio\public\images\portfolio\wedding-party-trial\final_40\369.jpg,sheet_0003,2048,candidate,1367,2048
88,D:\lumina-studio\public\images\portfolio\wedding-party-trial\final_40\371.jpg,sheet_0003,2048,candidate,2048,1367
89,D:\lumina-studio\public\images\portfolio\wedding-party-trial\homepage_8\371.jpg,sheet_0003,2048,candidate,2048,1367
90,D:\lumina-studio\public\images\portfolio\wedding-party-trial\web_20\371.jpg,sheet_0003,2048,candidate,2048,1367
91,D:\lumina-studio\public\images\portfolio\pt\42881913_2011144352242363_1011978575080849408_n.jpg,sheet_0003,2048,candidate,1355,2048
92,D:\lumina-studio\public\images\portfolio\wedding-party-trial\final_40\429.jpg,sheet_0003,2048,candidate,1367,2048
93,D:\lumina-studio\public\images\portfolio\pt\46966547_2093070400716424_5726154410250207232_n.jpg,sheet_0003,2048,candidate,2048,1365
94,D:\lumina-studio\public\images\portfolio\lan\47388939_2100594726630658_4605647960129142784_n.jpg,sheet_0003,2048,candidate,2048,1365
95,D:\lumina-studio\public\images\portfolio\pt\47506500_2102713669752097_4628759849163816960_n.jpg,sheet_0003,2048,candidate,1365,2048
96,D:\lumina-studio\public\images\portfolio\lan\555421199_24885029944427146_2797032754716450041_n.jpg,sheet_0003,2048,candidate,2048,1152
97,D:\lumina-studio\public\images\portfolio\lan\555548137_24885542241042583_8490307172039932261_n.jpg,sheet_0003,2048,candidate,2048,1152
98,D:\lumina-studio\public\images\portfolio\lan\555685523_24884520501144757_2559306378139682872_n.jpg,sheet_0003,2048,candidate,2048,1152
99,D:\lumina-studio\public\images\portfolio\pt\555726799_24902180999378707_6512856472648861800_n.jpg,sheet_0003,1600,candidate,1600,900
100,D:\lumina-studio\public\images\portfolio\pt\556241410_24907915822138558_945100218563642832_n.jpg,sheet_0003,2048,candidate,2048,1365
101,D:\lumina-studio\public\images\portfolio\lan\556566128_24885045844425556_5609981445085954970_n.jpg,sheet_0003,2773,candidate,2773,1023
102,D:\lumina-studio\public\images\portfolio\lan\556615511_24885438417719632_2222840969261305913_n.jpg,sheet_0003,2048,candidate,2048,1152
103,D:\lumina-studio\public\images\portfolio\wedding-party-trial\final_40\67.jpg,sheet_0003,2048,candidate,2048,1367
104,D:\lumina-studio\public\images\portfolio\wedding-party-trial\final_40\7.jpg,sheet_0003,2048,candidate,2048,1367
105,D:\lumina-studio\public\images\portfolio\wedding-party-trial\final_40\94.jpg,sheet_0003,2048,candidate,2048,1367
106,D:\lumina-studio\public\images\portfolio\phra-louis-v1\PTO-101.jpg,sheet_0003,2048,candidate,2048,1367
107,D:\lumina-studio\public\images\portfolio\phra-louis-v1\final_40_พระหลุยส์\PTO-101.jpg,sheet_0003,2048,candidate,2048,1367
108,D:\lumina-studio\public\images\portfolio\phra-louis-v1\homepage_8_พระหลุยส์\PTO-101.jpg,sheet_0003,2048,candidate,2048,1367
109,D:\lumina-studio\public\images\portfolio\phra-louis-v1\web_20_พระหลุยส์\PTO-101.jpg,sheet_0003,2048,candidate,2048,1367
110,D:\lumina-studio\public\images\portfolio\phra-louis-v1\final_40_พระหลุยส์\PTO-103.jpg,sheet_0003,2048,candidate,2048,1367
111,D:\lumina-studio\public\images\portfolio\phra-louis-v1\final_40_พระหลุยส์\PTO-106.jpg,sheet_0003,2048,candidate,2048,1367
112,D:\lumina-studio\public\images\portfolio\phra-louis-v1\web_20_พระหลุยส์\PTO-106.jpg,sheet_0003,2048,candidate,2048,1367
113,D:\lumina-studio\public\images\portfolio\phra-louis-v1\final_40_พระหลุยส์\PTO-109.jpg,sheet_0003,2048,candidate,2048,1367
114,D:\lumina-studio\public\images\portfolio\phra-louis-v1\final_40_พระหลุยส์\PTO-114.jpg,sheet_0003,2048,candidate,2048,1367
115,D:\lumina-studio\public\images\portfolio\phra-louis-v1\final_40_พระหลุยส์\PTO-117.jpg,sheet_0003,2048,candidate,2048,1367
116,D:\lumina-studio\public\images\portfolio\phra-louis-v1\final_40_พระหลุยส์\PTO-123.jpg,sheet_0003,2048,candidate,1367,2048
117,D:\lumina-studio\public\images\portfolio\phra-louis-v1\PTO-13.jpg,sheet_0003,2048,candidate,2048,1367
118,D:\lumina-studio\public\images\portfolio\phra-louis-v1\final_40_พระหลุยส์\PTO-13.jpg,sheet_0003,2048,candidate,2048,1367
119,D:\lumina-studio\public\images\portfolio\phra-louis-v1\homepage_8_พระหลุยส์\PTO-13.jpg,sheet_0003,2048,candidate,2048,1367
120,D:\lumina-studio\public\images\portfolio\phra-louis-v1\web_20_พระหลุยส์\PTO-13.jpg,sheet_0003,2048,candidate,2048,1367
121,D:\lumina-studio\public\images\portfolio\phra-louis-v1\final_40_พระหลุยส์\PTO-134.jpg,sheet_0004,2048,candidate,2048,1367
122,D:\lumina-studio\public\images\portfolio\phra-louis-v1\final_40_พระหลุยส์\PTO-140.jpg,sheet_0004,2048,candidate,2048,1367
123,D:\lumina-studio\public\images\portfolio\phra-louis-v1\final_40_พระหลุยส์\PTO-146.jpg,sheet_0004,2048,candidate,1367,2048
124,D:\lumina-studio\public\images\portfolio\phra-louis-v1\web_20_พระหลุยส์\PTO-146.jpg,sheet_0004,2048,candidate,1367,2048
125,D:\lumina-studio\public\images\portfolio\phra-louis-v1\final_40_พระหลุยส์\PTO-152.jpg,sheet_0004,2048,candidate,2048,1367
126,D:\lumina-studio\public\images\portfolio\phra-louis-v1\final_40_พระหลุยส์\PTO-158.jpg,sheet_0004,2048,candidate,2048,1367
127,D:\lumina-studio\public\images\portfolio\phra-louis-v1\web_20_พระหลุยส์\PTO-158.jpg,sheet_0004,2048,candidate,2048,1367
128,D:\lumina-studio\public\images\portfolio\phra-louis-v1\final_40_พระหลุยส์\PTO-168.jpg,sheet_0004,2048,candidate,1367,2048
129,D:\lumina-studio\public\images\portfolio\phra-louis-v1\web_20_พระหลุยส์\PTO-168.jpg,sheet_0004,2048,candidate,1367,2048
130,D:\lumina-studio\public\images\portfolio\phra-louis-v1\final_40_พระหลุยส์\PTO-175.jpg,sheet_0004,2048,candidate,2048,1367
131,D:\lumina-studio\public\images\portfolio\phra-louis-v1\web_20_พระหลุยส์\PTO-175.jpg,sheet_0004,2048,candidate,2048,1367
132,D:\lumina-studio\public\images\portfolio\phra-louis-v1\final_40_พระหลุยส์\PTO-179.jpg,sheet_0004,2048,candidate,2048,1367
133,D:\lumina-studio\public\images\portfolio\phra-louis-v1\final_40_พระหลุยส์\PTO-185.jpg,sheet_0004,2048,candidate,1367,2048
134,D:\lumina-studio\public\images\portfolio\phra-louis-v1\final_40_พระหลุยส์\PTO-194.jpg,sheet_0004,2048,candidate,2048,1367
135,D:\lumina-studio\public\images\portfolio\phra-louis-v1\final_40_พระหลุยส์\PTO-200.jpg,sheet_0004,2048,candidate,2048,1367
136,D:\lumina-studio\public\images\portfolio\phra-louis-v1\web_20_พระหลุยส์\PTO-200.jpg,sheet_0004,2048,candidate,2048,1367
137,D:\lumina-studio\public\images\portfolio\phra-louis-v1\final_40_พระหลุยส์\PTO-208.jpg,sheet_0004,2048,candidate,2048,1367
138,D:\lumina-studio\public\images\portfolio\phra-louis-v1\final_40_พระหลุยส์\PTO-214.jpg,sheet_0004,2048,candidate,2048,1367
139,D:\lumina-studio\public\images\portfolio\phra-louis-v1\final_40_พระหลุยส์\PTO-217.jpg,sheet_0004,2048,candidate,2048,1367
140,D:\lumina-studio\public\images\portfolio\phra-louis-v1\homepage_8_พระหลุยส์\PTO-217.jpg,sheet_0004,2048,candidate,2048,1367
141,D:\lumina-studio\public\images\portfolio\phra-louis-v1\web_20_พระหลุยส์\PTO-217.jpg,sheet_0004,2048,candidate,2048,1367
142,D:\lumina-studio\public\images\portfolio\phra-louis-v1\final_40_พระหลุยส์\PTO-220.jpg,sheet_0004,2048,candidate,1367,2048
143,D:\lumina-studio\public\images\portfolio\phra-louis-v1\homepage_8_พระหลุยส์\PTO-220.jpg,sheet_0004,2048,candidate,1367,2048
144,D:\lumina-studio\public\images\portfolio\phra-louis-v1\web_20_พระหลุยส์\PTO-220.jpg,sheet_0004,2048,candidate,1367,2048
145,D:\lumina-studio\public\images\portfolio\phra-louis-v1\final_40_พระหลุยส์\PTO-226.jpg,sheet_0004,2048,candidate,1367,2048
146,D:\lumina-studio\public\images\portfolio\phra-louis-v1\final_40_พระหลุยส์\PTO-233.jpg,sheet_0004,2048,candidate,1367,2048
147,D:\lumina-studio\public\images\portfolio\phra-louis-v1\web_20_พระหลุยส์\PTO-233.jpg,sheet_0004,2048,candidate,1367,2048
148,D:\lumina-studio\public\images\portfolio\phra-louis-v1\final_40_พระหลุยส์\PTO-238.jpg,sheet_0004,2048,candidate,2048,1367
149,D:\lumina-studio\public\images\portfolio\phra-louis-v1\final_40_พระหลุยส์\PTO-242.jpg,sheet_0004,2048,candidate,2048,1367
150,D:\lumina-studio\public\images\portfolio\phra-louis-v1\PTO-250.jpg,sheet_0004,2048,candidate,2048,1367
151,D:\lumina-studio\public\images\portfolio\phra-louis-v1\final_40_พระหลุยส์\PTO-250.jpg,sheet_0004,2048,candidate,2048,1367
152,D:\lumina-studio\public\images\portfolio\phra-louis-v1\homepage_8_พระหลุยส์\PTO-250.jpg,sheet_0004,2048,candidate,2048,1367
153,D:\lumina-studio\public\images\portfolio\phra-louis-v1\web_20_พระหลุยส์\PTO-250.jpg,sheet_0004,2048,candidate,2048,1367
154,D:\lumina-studio\public\images\portfolio\phra-louis-v1\final_40_พระหลุยส์\PTO-256.jpg,sheet_0004,2048,candidate,1367,2048
155,D:\lumina-studio\public\images\portfolio\phra-louis-v1\web_20_พระหลุยส์\PTO-256.jpg,sheet_0004,2048,candidate,1367,2048
156,D:\lumina-studio\public\images\portfolio\phra-louis-v1\final_40_พระหลุยส์\PTO-26.jpg,sheet_0004,2048,candidate,2048,1367
157,D:\lumina-studio\public\images\portfolio\phra-louis-v1\web_20_พระหลุยส์\PTO-26.jpg,sheet_0004,2048,candidate,2048,1367
158,D:\lumina-studio\public\images\portfolio\phra-louis-v1\final_40_พระหลุยส์\PTO-267.jpg,sheet_0004,2048,candidate,2048,1367
159,D:\lumina-studio\public\images\portfolio\phra-louis-v1\final_40_พระหลุยส์\PTO-274.jpg,sheet_0004,2048,candidate,2048,1367
160,D:\lumina-studio\public\images\portfolio\phra-louis-v1\web_20_พระหลุยส์\PTO-274.jpg,sheet_0004,2048,candidate,2048,1367
161,D:\lumina-studio\public\images\portfolio\phra-louis-v1\PTO-280.jpg,sheet_0005,2048,candidate,2048,1367
162,D:\lumina-studio\public\images\portfolio\phra-louis-v1\final_40_พระหลุยส์\PTO-280.jpg,sheet_0005,2048,candidate,2048,1367
163,D:\lumina-studio\public\images\portfolio\phra-louis-v1\homepage_8_พระหลุยส์\PTO-280.jpg,sheet_0005,2048,candidate,2048,1367
164,D:\lumina-studio\public\images\portfolio\phra-louis-v1\web_20_พระหลุยส์\PTO-280.jpg,sheet_0005,2048,candidate,2048,1367
165,D:\lumina-studio\public\images\portfolio\phra-louis-v1\final_40_พระหลุยส์\PTO-289.jpg,sheet_0005,2048,candidate,1367,2048
166,D:\lumina-studio\public\images\portfolio\phra-louis-v1\web_20_พระหลุยส์\PTO-289.jpg,sheet_0005,2048,candidate,1367,2048
167,D:\lumina-studio\public\images\portfolio\phra-louis-v1\PTO-296.jpg,sheet_0005,2048,candidate,1367,2048
168,D:\lumina-studio\public\images\portfolio\phra-louis-v1\final_40_พระหลุยส์\PTO-296.jpg,sheet_0005,2048,candidate,1367,2048
169,D:\lumina-studio\public\images\portfolio\phra-louis-v1\homepage_8_พระหลุยส์\PTO-296.jpg,sheet_0005,2048,candidate,1367,2048
170,D:\lumina-studio\public\images\portfolio\phra-louis-v1\web_20_พระหลุยส์\PTO-296.jpg,sheet_0005,2048,candidate,1367,2048
171,D:\lumina-studio\public\images\portfolio\phra-louis-v1\final_40_พระหลุยส์\PTO-299.jpg,sheet_0005,2048,candidate,2048,1367
172,D:\lumina-studio\public\images\portfolio\phra-louis-v1\web_20_พระหลุยส์\PTO-299.jpg,sheet_0005,2048,candidate,2048,1367
173,D:\lumina-studio\public\images\portfolio\phra-louis-v1\final_40_พระหลุยส์\PTO-301.jpg,sheet_0005,2048,candidate,1367,2048
174,D:\lumina-studio\public\images\portfolio\phra-louis-v1\final_40_พระหลุยส์\PTO-305.jpg,sheet_0005,2048,candidate,2048,1367
175,D:\lumina-studio\public\images\portfolio\phra-louis-v1\final_40_พระหลุยส์\PTO-311.jpg,sheet_0005,2048,candidate,2048,1367
176,D:\lumina-studio\public\images\portfolio\phra-louis-v1\PTO-318.jpg,sheet_0005,2048,candidate,1367,2048
177,D:\lumina-studio\public\images\portfolio\phra-louis-v1\final_40_พระหลุยส์\PTO-318.jpg,sheet_0005,2048,candidate,1367,2048
178,D:\lumina-studio\public\images\portfolio\phra-louis-v1\homepage_8_พระหลุยส์\PTO-318.jpg,sheet_0005,2048,candidate,1367,2048
179,D:\lumina-studio\public\images\portfolio\phra-louis-v1\web_20_พระหลุยส์\PTO-318.jpg,sheet_0005,2048,candidate,1367,2048
180,D:\lumina-studio\public\images\portfolio\phra-louis-v1\final_40_พระหลุยส์\PTO-330.jpg,sheet_0005,2048,candidate,2048,1367
181,D:\lumina-studio\public\images\portfolio\phra-louis-v1\final_40_พระหลุยส์\PTO-336.jpg,sheet_0005,2048,candidate,2048,1367
182,D:\lumina-studio\public\images\portfolio\wedding-ceremony-v1\PTO-3488.jpg,sheet_0005,2048,candidate,2048,1367
183,D:\lumina-studio\public\images\portfolio\wedding-ceremony-v1\PTO-506.jpg,sheet_0005,2048,candidate,1365,2048
184,D:\lumina-studio\public\images\portfolio\wedding-ceremony-v1\PTO-556.jpg,sheet_0005,2048,candidate,2048,1365
185,D:\lumina-studio\public\images\portfolio\wedding-ceremony-v1\PTO-692.jpg,sheet_0005,2048,candidate,1365,2048
186,D:\lumina-studio\public\images\portfolio\2569-03-09\A M\PTO_0580.jpg,sheet_0005,5708,candidate,5708,3810
187,D:\lumina-studio\public\images\portfolio\2569-03-09\A M\PTO_0582.jpg,sheet_0005,6016,candidate,4016,6016
188,D:\lumina-studio\public\images\portfolio\2569-03-09\A M\PTO_0584.jpg,sheet_0005,6016,candidate,6016,4016
189,D:\lumina-studio\public\images\portfolio\2569-03-09\PTO_0598.jpg,sheet_0005,6016,candidate,6016,4016
190,D:\lumina-studio\public\images\portfolio\2569-03-09\A M\PTO_0627.jpg,sheet_0005,6016,candidate,6016,4016
191,D:\lumina-studio\public\images\portfolio\2569-03-09\A M\PTO_0706.jpg,sheet_0005,6016,candidate,6016,4016
192,D:\lumina-studio\public\images\portfolio\2569-03-09\A M\PTO_0715.jpg,sheet_0005,6016,candidate,6016,4016
193,D:\lumina-studio\public\images\portfolio\2569-03-09\A M\PTO_0750.jpg,sheet_0005,6016,candidate,6016,4016
194,D:\lumina-studio\public\images\portfolio\2569-03-09\PTO_1056.jpg,sheet_0005,5366,candidate,3582,5366
195,D:\lumina-studio\public\images\portfolio\wedding-party-trial\final_40\PTO_3041.jpg,sheet_0005,2048,candidate,2048,1367
196,D:\lumina-studio\public\images\portfolio\wedding-party-trial\hero_5\PTO_3041.jpg,sheet_0005,2048,candidate,2048,1367
197,D:\lumina-studio\public\images\portfolio\wedding-party-trial\homepage_8\PTO_3041.jpg,sheet_0005,2048,candidate,2048,1367
198,D:\lumina-studio\public\images\portfolio\wedding-party-trial\web_20\PTO_3041.jpg,sheet_0005,2048,candidate,2048,1367
199,D:\lumina-studio\public\images\portfolio\wedding-party-trial\final_40\PTO_3103.jpg,sheet_0005,2048,candidate,1367,2048
200,D:\lumina-studio\public\images\portfolio\wedding-party-trial\web_20\PTO_3103.jpg,sheet_0005,2048,candidate,1367,2048
201,D:\lumina-studio\public\images\portfolio\wedding-party-trial\final_40\PTO_3127.jpg,sheet_0006,2048,candidate,2048,1367
202,D:\lumina-studio\public\images\portfolio\wedding-party-trial\hero_5\PTO_3127.jpg,sheet_0006,2048,candidate,2048,1367
203,D:\lumina-studio\public\images\portfolio\wedding-party-trial\homepage_8\PTO_3127.jpg,sheet_0006,2048,candidate,2048,1367
204,D:\lumina-studio\public\images\portfolio\wedding-party-trial\web_20\PTO_3127.jpg,sheet_0006,2048,candidate,2048,1367
205,D:\lumina-studio\public\images\portfolio\wedding-party-trial\final_40\PTO_3161.jpg,sheet_0006,2048,candidate,1367,2048
206,D:\lumina-studio\public\images\portfolio\wedding-party-trial\final_40\PTO_3163.jpg,sheet_0006,2048,candidate,1367,2048
207,D:\lumina-studio\public\images\portfolio\wedding-party-trial\web_20\PTO_3163.jpg,sheet_0006,2048,candidate,1367,2048
208,D:\lumina-studio\public\images\portfolio\wedding-party-trial\final_40\PTO_3180.jpg,sheet_0006,2048,candidate,1367,2048
209,D:\lumina-studio\public\images\portfolio\wedding-party-trial\web_20\PTO_3180.jpg,sheet_0006,2048,candidate,1367,2048
210,D:\lumina-studio\public\images\portfolio\wedding-party-trial\final_40\PTO_3246.jpg,sheet_0006,2048,candidate,2048,1367
211,D:\lumina-studio\public\images\portfolio\wedding-party-trial\final_40\PTO_3264.jpg,sheet_0006,2048,candidate,1367,2048
212,D:\lumina-studio\public\images\portfolio\wedding-party-trial\final_40\PTO_3300.jpg,sheet_0006,2048,candidate,2048,1367
213,D:\lumina-studio\public\images\portfolio\wedding-party-trial\final_40\PTO_3331.jpg,sheet_0006,2048,candidate,1367,2048
214,D:\lumina-studio\public\images\portfolio\wedding-party-trial\web_20\PTO_3331.jpg,sheet_0006,2048,candidate,1367,2048
215,D:\lumina-studio\public\images\portfolio\wedding-party-trial\final_40\PTO_3335.jpg,sheet_0006,2048,candidate,2048,1367
216,D:\lumina-studio\public\images\portfolio\wedding-party-trial\final_40\PTO_3366.jpg,sheet_0006,2048,candidate,1367,2048
217,D:\lumina-studio\public\images\portfolio\wedding-party-trial\web_20\PTO_3366.jpg,sheet_0006,2048,candidate,1367,2048
218,D:\lumina-studio\public\images\portfolio\wedding-party-trial\final_40\PTO_3397.jpg,sheet_0006,2048,candidate,2048,1367
219,D:\lumina-studio\public\images\portfolio\wedding-party-trial\final_40\PTO_3403.jpg,sheet_0006,2048,candidate,2048,1367
220,D:\lumina-studio\public\images\portfolio\wedding-party-trial\final_40\PTO_3404.jpg,sheet_0006,2048,candidate,1367,2048
221,D:\lumina-studio\public\images\portfolio\wedding-party-trial\web_20\PTO_3404.jpg,sheet_0006,2048,candidate,1367,2048
222,D:\lumina-studio\public\images\portfolio\wedding-party-trial\final_40\PTO_3426.jpg,sheet_0006,2048,candidate,2048,1367
223,D:\lumina-studio\public\images\portfolio\2569-03-09\A M\PTO_5566.jpg,sheet_0006,6016,candidate,6016,4016
224,D:\lumina-studio\public\images\portfolio\2569-03-09\A M\PTO_5568.jpg,sheet_0006,6016,candidate,4016,6016
225,D:\lumina-studio\public\images\portfolio\2569-03-09\A M\PTO_5572.jpg,sheet_0006,6016,candidate,4016,6016
226,D:\lumina-studio\public\images\portfolio\2569-03-09\A M\PTO_5573.jpg,sheet_0006,6016,candidate,4016,6016
227,D:\lumina-studio\public\images\portfolio\2569-03-09\A M\PTO_5574.jpg,sheet_0006,6016,candidate,4016,6016
228,D:\lumina-studio\public\images\portfolio\2569-03-09\A M\PTO_5575.jpg,sheet_0006,6016,candidate,6016,4016
229,D:\lumina-studio\public\images\portfolio\2569-03-09\PTO_5641.jpg,sheet_0006,6016,candidate,4016,6016
230,D:\lumina-studio\public\images\portfolio\2569-03-09\PTO_5646.jpg,sheet_0006,6016,candidate,6016,4016
231,D:\lumina-studio\public\images\portfolio\2569-03-09\PTO_5647.jpg,sheet_0006,6016,candidate,4016,6016
232,D:\lumina-studio\public\images\portfolio\2569-03-09\A M\PTO_5651.jpg,sheet_0006,6016,candidate,6016,4016
233,D:\lumina-studio\public\images\portfolio\2569-03-09\A M\PTO_5656.jpg,sheet_0006,6016,candidate,6016,4016
234,D:\lumina-studio\public\images\portfolio\2569-03-09\A M\PTO_5665.jpg,sheet_0006,6016,candidate,4016,6016
235,D:\lumina-studio\public\images\portfolio\2569-03-09\A M\PTO_5669.jpg,sheet_0006,6016,candidate,6016,3384
236,D:\lumina-studio\public\images\portfolio\2569-03-09\A M\PTO_5691.jpg,sheet_0006,6016,candidate,4016,6016
237,D:\lumina-studio\public\images\portfolio\2569-03-09\A M\PTO_5711.jpg,sheet_0006,6016,candidate,6016,4016
238,D:\lumina-studio\public\images\portfolio\2569-03-09\A M\PTO_5723.jpg,sheet_0006,6016,candidate,6016,4016
239,D:\lumina-studio\public\images\portfolio\2569-03-09\A M\PTO_5779.jpg,sheet_0006,6016,candidate,4016,6016
240,D:\lumina-studio\public\images\portfolio\2569-03-09\A M\PTO_5783.jpg,sheet_0006,6016,candidate,6016,4016
241,D:\lumina-studio\public\images\portfolio\2569-03-09\A M\PTO_5789.jpg,sheet_0007,6016,candidate,6016,4016
242,D:\lumina-studio\public\images\portfolio\2569-03-09\PTO_5811.jpg,sheet_0007,6016,candidate,4016,6016
243,D:\lumina-studio\public\images\portfolio\2569-03-09\PTO_5833.jpg,sheet_0007,6016,candidate,6016,4016
244,D:\lumina-studio\public\images\portfolio\2569-03-09\A M\PTO_5865.jpg,sheet_0007,6016,candidate,4016,6016
245,D:\lumina-studio\public\images\portfolio\2569-03-09\A M\PTO_5881.jpg,sheet_0007,6016,candidate,6016,4016
246,D:\lumina-studio\public\images\portfolio\wedding-ceremony-v1\TK-142.jpg,sheet_0007,2048,candidate,2048,1365
